,SETORES,QTD TRANSECTOS,DMIN,DMAX,MÉDIA,TX VARIAÇÃO,CLASSIFICAÇÃO,PERÍODO
0,1,62,-139.3969147,-0.213146994,-19.016567521258064,-6.338855840419355,Erosão Muito Alta,2017-2020
1,2,44,-45.62207182,-24.29999847,-38.00252259068182,-12.667507530227276,Erosão Muito Alta,2017-2020
2,3,14,6.18858340339,12.7360218906,10.254886300030716,3.4182954333435718,Acreção Muito Alta,2017-2020
3,4,26,-8.693603846,-0.003004522,-3.6966796503461548,-1.2322265501153848,Erosão Alta,2017-2020
4,5,35,-11.30445787,-5.257968862,-8.062182781685715,-2.687394260561905,Erosão Muito Alta,2017-2020
